,ra,dec,xki,eta,radius,signal,noise,vr,e_vr,P(member)
144,344.5513,41.2680016,-0.748,-1.387,2.762,301.9,56.7,-206.87,4.6,1.0
122,344.5809631,41.3902779,0.589,5.95,9.819,462.3,58.0,-45.86,4.41,0.0
150,344.5400696,41.3180008,-1.255,1.613,2.303,358.2,57.1,-96.04,4.7,0.0
146,344.5443726,41.2400818,-1.061,-3.062,5.603,531.9,56.7,-115.28,4.14,0.0
6,344.6148376,41.2026405,2.116,-5.308,7.585,341.1,56.4,-33.05,4.19,0.0
127,344.5756531,41.2695541,0.349,-1.293,1.894,391.0,63.8,-196.62,4.62,1.0
22,344.6112061,41.2393341,1.952,-3.107,4.378,357.5,51.5,-209.51,3.79,1.0
33,344.5750427,41.2773895,0.322,-0.823,1.178,313.5,52.7,-195.91,4.47,1.0
143,344.552002,41.2480545,-0.717,-2.583,4.589,264.1,50.3,-213.16,4.83,1.0
47,344.5552368,41.2593613,-0.571,-1.905,3.416,385.5,49.1,-205.76,2.88,1.0
70,344.5010681,41.329277,-3.013,2.29,3.831,432.9,54.5,-195.06,3.7,1.0
35,344.5732117,41.2784462,0.239,-0.76,1.102,335.9,55.1,-215.39,3.94,1.0
68,344.505127,41.312973,-2.83,1.312,3.156,584.7,56.1,-53.05,3.45,0.0
65,344.5083618,41.3003349,-2.684,0.553,3.037,319.5,48.8,-218.76,4.08,0.99
73,344.4908447,41.3238335,-3.474,1.963,3.993,205.7,47.2,-199.2,5.39,1.0
42,344.5628662,41.2748871,-0.227,-0.973,1.697,506.9,54.9,-196.35,3.46,1.0
80,344.4754028,41.3481674,-4.17,3.423,5.513,125.7,45.5,-197.83,8.0,1.0
2,344.672821,41.1971664,4.73,-5.637,8.128,804.3,68.0,-3.13,3.34,0.0
74,344.4907227,41.3085823,-3.479,1.048,3.855,317.4,50.5,-171.15,3.8,0.78
87,344.4388428,41.3513069,-5.818,3.612,6.85,101.5,41.4,-187.01,8.07,0.99
116,344.5950928,41.2889442,1.226,-0.13,1.443,183.1,56.3,-208.09,6.4,1.0
100,344.4671936,41.188221,-4.54,-6.173,13.405,395.9,65.1,-78.51,5.06,0.0
160,344.5096741,41.2155838,-2.625,-4.532,9.187,489.7,56.6,-123.68,4.11,0.0
5,344.6203613,41.2039719,2.365,-5.228,7.42,408.6,54.8,-150.7,4.05,0.01
98,344.490387,41.2047768,-3.495,-5.18,10.952,332.2,55.6,-91.6,4.75,0.0
126,344.5769958,41.35989,0.41,4.127,6.811,529.1,59.3,-21.74,4.43,0.0
83,344.4646606,41.3421936,-4.654,3.065,5.583,264.0,45.5,-195.54,4.67,1.0
147,344.5426331,41.3386955,-1.139,2.855,4.079,395.6,67.1,-186.25,4.37,0.99
121,344.5819702,41.3714981,0.634,4.823,8.063,227.3,49.9,-78.92,5.89,0.0
94,344.4081726,41.299221,-7.201,0.487,8.637,565.1,55.9,-27.24,3.61,0.0
140,344.5551147,41.3256683,-0.576,2.073,3.031,421.3,63.9,-200.83,4.36,1.0
43,344.559906,41.2429161,-0.36,-2.892,4.821,230.7,45.3,-204.28,4.74,1.0
25,344.5989075,41.2610817,1.398,-1.802,2.572,348.4,51.6,-193.79,3.91,1.0
51,344.5481567,41.3010826,-0.89,0.598,1.075,362.5,53.3,-188.69,4.11,0.99
57,344.5328369,41.2856941,-1.581,-0.325,2.255,325.7,48.7,-183.52,3.96,0.98
50,344.5503845,41.2951393,-0.79,0.242,0.875,509.5,50.4,-211.7,3.2,1.0
52,344.5448608,41.3070564,-1.039,0.957,1.471,400.2,59.8,-194.4,4.06,1.0
138,344.5572205,41.3264427,-0.482,2.12,3.137,304.3,58.6,-202.49,4.9,1.0
8,344.6639099,41.2164993,4.328,-4.477,6.644,521.9,57.5,-99.11,3.28,0.0
111,344.6073608,41.3217239,1.779,1.837,4.408,269.0,58.2,-221.55,5.43,0.99
125,344.5779114,41.3450851,0.451,3.238,5.431,301.7,52.2,-170.89,4.8,0.77
130,344.5725098,41.3218346,0.208,1.843,3.059,265.1,60.6,-174.92,5.39,0.89
105,344.6480103,41.3985825,3.611,6.448,12.962,316.6,55.3,-132.65,5.05,0.0
149,344.5416565,41.2769432,-1.183,-0.85,2.417,224.1,55.7,-213.27,5.45,1.0
21,344.6125488,41.2845268,2.013,-0.395,2.285,263.4,55.6,-196.47,4.9,1.0
154,344.5327454,41.2998352,-1.585,0.523,1.751,314.5,59.0,-195.06,4.79,1.0
39,344.5661621,41.30336,-0.078,0.735,1.126,552.4,92.0,-193.6,3.62,1.0
84,344.4622498,41.3571129,-4.763,3.96,6.341,476.3,58.7,-186.44,3.7,0.99
71,344.5009155,41.3395271,-3.02,2.905,4.402,431.9,59.4,-177.47,4.1,0.93
119,344.5889893,41.4041939,0.951,6.785,11.382,259.2,68.8,-122.58,6.37,0.0
95,344.6997986,41.2482224,5.946,-2.573,6.596,556.5,72.0,-193.45,3.49,1.0
28,344.5986633,41.2956963,1.387,0.275,1.968,394.0,60.7,-201.51,3.94,1.0
153,344.5394897,41.2984161,-1.281,0.438,1.414,212.4,57.3,-209.19,6.18,1.0
4,344.6602173,41.189724,4.162,-6.083,8.598,322.1,58.5,-19.9,4.97,0.0
32,344.5768738,41.2364426,0.404,-3.28,5.0,335.5,53.8,-96.73,4.01,0.0
38,344.5704651,41.2815285,0.116,-0.575,0.857,198.4,48.9,-180.34,6.1,0.96
30,344.5979309,41.2457504,1.354,-2.722,3.847,232.2,48.0,-192.54,4.62,1.0
136,344.5593262,41.2556953,-0.387,-2.125,3.626,281.4,59.7,-215.45,4.61,1.0
86,344.4416199,41.3623352,-5.693,4.273,7.196,211.8,45.6,-63.36,9.36,0.0
79,344.4788818,41.3252487,-4.013,2.048,4.528,400.0,46.8,-218.92,3.46,0.99
131,344.5692444,41.2975845,0.061,0.388,0.656,205.6,52.3,-201.64,6.39,1.0
145,344.5467834,41.226944,-0.952,-3.85,6.752,385.6,71.7,-200.23,4.53,1.0
27,344.5986328,41.2739449,1.385,-1.03,1.744,408.0,52.7,-183.41,3.54,0.98
128,344.5758362,41.3311386,0.358,2.402,4.043,261.1,48.4,-209.51,5.03,1.0
101,344.4651794,41.1913605,-4.631,-5.985,13.214,555.1,67.8,-106.86,4.25,0.0
36,344.5711365,41.2888603,0.146,-0.135,0.207,117.7,44.7,-206.18,7.87,1.0
59,344.526886,41.2686386,-1.849,-1.348,3.804,361.4,50.2,-215.07,2.95,1.0
133,344.5650024,41.269249,-0.131,-1.312,2.165,247.3,53.7,-202.75,5.34,1.0
60,344.5222778,41.2995567,-2.057,0.507,2.302,435.4,55.0,-206.89,3.66,1.0
141,344.5543823,41.3026123,-0.609,0.69,1.004,244.6,55.4,-195.6,5.81,1.0
112,344.6050415,41.2996941,1.674,0.515,2.569,388.7,68.0,-190.62,4.52,1.0
88,344.4356384,41.326416,-5.963,2.118,6.581,201.3,43.6,-196.83,5.56,1.0
1,344.6809998,41.1973343,5.099,-5.627,8.227,621.9,64.3,-109.61,3.38,0.0
18,344.6179199,41.2789459,2.255,-0.73,2.493,428.7,61.3,-193.96,3.69,1.0
148,344.5418701,41.2897491,-1.174,-0.082,1.526,752.0,74.6,-195.4,4.13,1.0
58,344.5275269,41.3273315,-1.82,2.173,3.133,425.3,53.8,-203.46,3.92,1.0
76,344.4885864,41.3101387,-3.576,1.142,3.954,484.9,54.3,-209.11,6.48,1.0
29,344.598114,41.2316399,1.362,-3.568,5.112,278.3,48.3,-176.14,3.97,0.91
135,344.5644226,41.2729454,-0.157,-1.09,1.831,176.0,58.8,-186.95,7.51,0.99
9,344.6639099,41.2431374,4.328,-2.878,5.209,279.1,50.5,-195.36,4.12,1.0
93,344.4165344,41.3190269,-6.824,1.675,7.639,192.9,46.4,-207.62,5.84,1.0
37,344.5709534,41.2519455,0.138,-2.35,3.659,374.9,52.4,-202.11,3.54,1.0
15,344.6263733,41.277832,2.636,-0.797,2.92,448.3,58.6,-201.28,3.35,1.0
49,344.5505066,41.3169708,-0.784,1.552,2.192,402.4,63.3,-210.2,3.17,1.0
